maleTitles = Admiral,Alderman,Archbishop,Baron,Baronet,Bishop,Cardinal,Chancellor,Count,Duke,Earl,Emperor,Grand Duke,King,King,Knight,Landgrave,Lord,Margrave,Monk,Peasant,Prince,Prince,Prince Consort,Reeve,Serf,Sir,Squire,Vicar,Viscount,Yeoman
maleNames = Aalart,Aalot,Abelot,Aberardus,Acelin,Acot,Acur,Adame,Adcock,Addie,Addy,Ade,Adecock,Adeite,Adekin,Adelard,Adelardus,Ademar,Adenot,Adequin,Aderlard,Adhemar,Adie,Adinet,Adkin,Adlard,Adri,Aimeri,Aimeriguet,Aimery,Aitken,Alain,Alainon,Alane,Alanus,Alard,Alart,Alcock,Aldis,Aldo,Aldous,Aldus,Alein,Aleyn,Aleyne,Alfan,Alfonce,Alleyn,Almeric,Almericus,Alphonse,Alphonsins,Alphonsus,Althalos,Amaud,Amauri,Amaurri,Amaury,Amer,Americ,Americus,Amery,Amfrid,Amfridus,Ancel,Ancelin,Ancelm,Ancelmus,Ancelot,Anchier,Anderewe,Andreas,Andreu,Andri,Andriet,Andrion,Andriu,Androu,Androuet,Andruche,Andry,Andryr,Anfroi,Anfroy,Anscoul,Anselet,Ansell,Ansellus,Anselm,Anselme,Anselmet,Anselmus,Ansfrid,Ansfroi,Ansger,Ansgot,Ansiau,Ansout,Ansure,Armand,Armant,Armin,Armine,Arminel,Armundus,Arnald,Arnaldus,Arnaud,Arnaut,Arnet,Arnoldus,Arnott,Arnould,Arter,Arther,Artheur,Arthurius,Arthurus,Artor,Artos,Artur,Arturus,Artus,Asce,Ascelin,Ascelyn,Asher,Asselin,Athelard,Athelardus,Atkin,Audemar,Audouin,Audri,Audry,Auguinare,Aunger,Aunsellus,Aurri,Ausout,Averardus,Averet,Averitt,Aylard,Aymer,Aymeri,Aymon,Azelinus,Azemar,Azer,Azorius,Azur,Badcock,Balan,Balian,Balin,Barat,Barda,Bardol,Bardolf,Bardolph,Bardolphus,Bardulphus,Baret,Barnabas,Barnabe,Barnaby,Barnard,Bart,Bartel,Bartelemi,Bartelmeu,Bartelot,Bartholomeus,Bartholomew,Bartle,Bartlet,Bartly,Bartolomeus,Bartram,Bartrem,Barty,Basequin,Basewin,Basuin,Bat,Batcock,Batkin,Batsuen,Batty,Bausan,Bayard,Baynard,Beavis,Belin,Benedict,Beneger,Benger,Berengar,Berengarius,Berenger,Berengerius,Berengerus,Berengier,Beri,Beringer,Berinon,Bernar,Bernardus,Bernart,Bernier,Berold,Beroldus,Berolt,Bertaut,Bertelemi,Bertelemy,Bertelot,Berteram,Berthellemy,Bertie,Bertin,Bertol,Bertram,Bertramus,Bertran,Bertrand,Bertrannus,Bertrant,Bertylmew,Betan,Betin,Betyn,Beuves,Beves,Bevis,Blaive,Blavier,Blayves,Bobbie,Bobs,Borin,Botolf,Botolfe,Botolph,Botulf,Brianus,Brice,Bricet,Briceus,Bricot,Brien,Brienus,Britius,Brom,Bruiant,Carac,Carle,Cassius,Challes,Charle,Charlet,Charlot,Charlys,Christian,Christie,Christofarus,Christofle,Christofre,Christofur,Christopher,Christopherus,Christouer,Christy,Clarembaut,Clarenbald,Clerebald,Clerebold,Clerenbald,Col,Colart,Colet,Colinet,Colinus,Collett,Colley,Colyne,Conan,Conandus,Conanus,Conayn,Conon,Conradin,Courtois,Crestiennet,Cristal,Cristall,Cristoffle,Cristoforus,Cristofre,Cristole,Crystall,Crysteffor,Crystoll,Curteis,Dafydd,Dain,Dandi,Dandy,Daniau,Dannet,Danyau,Danyel,Danyell,Danyll,Daue,Dauid,Dave,Davi,Davie,Davit,Davy,Daw,Dawkin,Dederic,Dederick,Dedericus,Degarre,Degore,Derric,Deryk,Destrian,Diccon,Dick,Dickie,Dickon,Dickory,Dicky,Diggin,Diggory,Digory,Dobbin,Dodd,Dodge,Donaldus,Doneuuald,Doran,Dowd,Drest,Dreu,Dreue,Dreues,Drewett,Droart,Droet,Drogo,Drouet,Droyn,Dru,Drue,Druet,Druettus,Drugo,Drust,Drystan,Dump,Dumphey,Dumphry,Dumpty,Dyryke,Ebrardus,Eden,Edon,Edun,Elias,Elies,Eliot,Elis,Eluard,Elyas,Elye,Elyes,Elyot,Elys,Emaurri,Emeric,Emerick,Emericus,Emery,Emory,Engeram,Engeramus,Engerramet,Engerran,Engerrand,Enguerran,Enguerrand,Enjorran,Enjorren,Erart,Ernald,Ernaldus,Ernaut,Erneis,Ernis,Ernisius,Ernold,Ernoldus,Ernoul,Ernoulet,Ernoullet,Esteve,Estevenot,Estevot,Eude,Eudes,Eudo,Eudon,Euvrouin,Evenon,Everard,Everardus,Evrardin,Evrart,Evrat,Evrouin,Fairman,Faramond,Fareman,Faremanne,Farman,Farmanus,Farrimond,Fauques,Favian,Fawkes,Federic,Federyc,Fendrel,Ferand,Ferant,Ferentus,Ferrand,Ferrant,Ferri,Ferry,Fery,Filbert,Folc,Folcard,Folke,Folkes,Forthwind,Foucaud,Foucaut,Foucher,Fouchier,Foulk,Foulque,Foulqueret,Fouquaut,Fouque,Fouques,Fouquet,Fowke,Franco,Francus,Franque,Franquet,Fraunk,Frederic,Fredericus,Frery,Frideric,Fulbert,Fulbertus,Fulchard,Fulcher,Fulco,Fulk,Fulke,Fulko,Gabel,Gabell,Gabrien,Gabryell,Gaiallard,Gaillard,Gaillart,Gale,Galeran,Galeren,Gales,Galfridus,Galien,Gallien,Galot,Galter,Galterius,Garin,Garit,Garner,Garnet,Garnier,Garnot,Garnotin,Garrat,Garratt,Gaufridus,Gaufroi,Gauteron,Gautier,Gautzelin,Gauvain,Gavienus,Gavinus,Gawain,Gawayne,Gawen,Gawin,Gawn,Gawne,Gawter,Gawyn,Gawyne,Gaylord,Geffery,Geffrai,Geffray,Geffrei,Geffrey,Geffroi,Gefroi,Gefroy,Gemmes,Geoff,Geoffroi,Geofridus,Ger,Geraint,Geraldus,Gerardus,Gerbald,Gerbaut,Gerbert,Gerbertus,Gerbod,Gerbold,Gerboud,Gereminus,Gerente,Gerfast,Gernier,Geroldin,Geroldus,Gerolt,Geronim,Geronimus,Gerontius,Gerould,Gerrart,Geruntius,Gervais,Gervaise,Gervas,Gervase,Gervasius,Gervassius,Gerves,Gervese,Gervesin,Gervesot,Gervis,Geubert,Geuffroi,Geve,Gib,Gibbon,Gibby,Gieffrinnet,Gifardus,Gifartus,Giff,Giffard,Gifford,Gil,Gilberd,Gilbertus,Gilebert,Gilebertus,Gilebin,Gilibertus,Gill,Gillebertus,Gillet,Gilliame,Gillotin,Gilmyn,Gilow,Gilpin,Gipp,Giradin,Giraldus,Girard,Girardus,Girart,Giraud,Giraudus,Giraut,Giroldus,Girout,Gislebertus,Gobert,Goce,Gocelinus,Godafre,Godbert,Godebert,Godefray,Godefridus,Godefroi,Godefroy,Godefry,Godelot,Godet,Godfery,Godfree,Godfreed,Godfrey,Godfry,Goffridus,Goin,Goisfrid,Goisfridus,Goscelin,Goscelinus,Gosfridus,Goubert,Gozelinus,Gualter,Gualterius,Gualtier,Guarin,Guarinet,Guarinus,Guarnier,Guerart,Guerin,Guerinnet,Guernier,Guernon,Guernot,Gui,Guiart,Guibe,Guibert,Guibour,Guido,Guilhem,Guilielm,Guillame,Guillaume,Guille,Guillelmus,Guillemaque,Guillemet,Guillemin,Guillemot,Guillot,Guillotin,Guimar,Guimart,Guimer,Guimond,Guinemar,Guiot,Guiraud,Guiraudet,Guiscard,Guischard,Guntard,Gunter,Gunterius,Guy,Guyat,Guymar,Guyon,Gwalter,Gwatkin,Gwychardus,Gwydo,Gy,Gyffard,Gylaw,Gylbard,Gylbarde,Gylbart,Gyrard,Hab,Hadrian,Haganrich,Haimmon,Hal,Ham,Hamelen,Hamelin,Hameline,Hamelot,Hamen,Hamett,Hamlet,Hamlin,Hamlyn,Hammond,Hamnet,Hamo,Hamon,Hamond,Hamonet,Hamund,Han,Hancock,Hanecock,Hanekin,Hanequin,Hank,Hankin,Hann,Hanry,Hardegin,Hardi,Harding,Hardouin,Harduinus,Hardwin,HarveyBreton,Hary,Haveron,Hawkin,Haymo,Heimart,Heimeri,Heimon,Helain,Helias,Helie,Helies,Helyas,Helyes,Helyot,Hemarc,Hemart,Hemeri,Hemmet,Hemon,Hemonnet,Hendereye,Hendry,Henfrey,Henricus,Henriet,Henriot,HenryHaimirich,Heriot,Herman,Hermannus,Hermenion,Herment,Hernais,Hernays,Herriot,Herry,Herve,Herveus,Hervey,Hervi,Herviet,Hervoet,Hervouet,Hervy,Heudebrand,Hew,Heward,Hewe,Hewelet,Hewelin,Hewerald,Hewet,Hewlett,Heymeri,Heymon,Hick,Hicket,Hickie,Higg,Hildebrand,Hildebrandus,Hildebrant,Hildebrondus,Hitch,Hitchcock,Hob,Hobard,Hobb,Hobbie,Hodge,Hodgkin,Holger,Honfroi,Hotch,Hotys,Houdart,Houdeet,Houdin,Houdoin,Houdouyn,How,Howkin,Hubard,Hubelet,Hubert,Hubertus,Hubie,Huchon,Hud,Hudd,Hudde,Hue,Huelin,Huet,Huffie,Hugelin,Huget,Hugethun,Huggett,Huggin,Hughoc,Hugin,Hugline,Hugolinus,Hugon,Huguard,Hugubert,Hugue,Huguenin,Hugues,Huguet,Huidemar,Humfery,Humfredus,Humfrey,Humfridus,Humfrye,Humph,Humpherus,Humphery,Humpty,Hunfray,Hunfridus,Huon,Hurrey,Hutch,Hutchin,Iame,Iames,Iamys,Iemes,Ihon,Ihone,Ilberd,Ilbert,Ilbertus,Imbart,Imbert,Imbertus,Imgelramus,Ingelram,Ingelramnus,Ingelrandus,Ingelrannus,Ingeram,Ingerame,Ingraham,Ingram,Ingramus,Ingran,Ingrannus,Ioco,Iohannes,Iohn,Iohne,Iordanus,Isaac,Isac,Isake,Isambard,Isembard,Isembart,Isemberd,Isembert,Isenbardus,Ive,Ivo,Ivon,Ivone,Ivote,Izaak,Jacke,Jackie,Jacky,Jacobus,Jacominus,Jacomus,Jacomynus,Jacquelin,Jacquemin,Jacques,Jak,Jakke,Jame,Jamettus,Jamys,Jan,Janequin,Jankin,Janot,Janshai,Janyn,Jaque,Jaquemart,Jaquemin,Jaquemon,Jaques,Jaquet,Jarin,Jasce,Jaspar,Jeacock,Jeames,Jeanin,Jed,Jeffcock,Jeffroy,Jeffry,Jehan,Jehanel,Jehannequin,Jehannin,Jehannot,Jehanson,Jehen,Jem,Jemmy,Jenkin,Jep,Jeph,Jeremiah,Jeremias,Jeremimum,Jereminum,Jermyn,Jeronim,Jeronimus,Jervis,Jesper,Jessop,Jewell,Joachim,Joachin,Job,Jobba,Joce,Jocelin,Jocelyn,Jocet,Joceus,Jock,Jodocus,Joffridus,Johannes,JohnCromwell,Jop,Joppa,Jordanus,Josce,Joscelin,Joscelyn,Josclyn,Josep,Joses,Joss,Josse,Josson,Jourdain,Jowell,Joyce,Judd,Juel,Juhel,Jupp,Jurdan,Jurdanus,Jurdi,Karles,Karolus,Kester,Kit,Kitt,Lambard,Lambekin,Lambelin,Lambequin,Lambert,Lambertus,Lambin,Lambkin,LanceLanzo,Lancelet,Lancelin,Lancelot,Lancelyn,Lanslet,Launce,Launceletus,Launcelot,Launselot,Leofrick,Letholdus,Lief,Ligart,Ligier,Lijart,Lodewicus,Looys,Louve,Louvel,Love,Lovel,Lovell,Lovet,Lowis,Loys,Loyset,Ludovicus,Macey,Mainard,Mainardus,Mainfridus,Mainfroi,Malcolinus,Malcolum,Malculinus,Malculms,Malculmus,Malgerius,Manard,Manfred,Margre,Marmaduc,Marmaducus,Marmaduke,Marmedoke,Maucolyn,Mauger,Maugier,Maugre,Maukolum,Maynard,Melcher,Melchior,Melmidoc,Merek,Mermadak,Mial,Micahel,Michel,Michelet,Michell,Michiel,Miel,Mighel,Mighell,Mihel,Mihill,Mikael,Mile,Milet,Milo,Milon,Milot,Moise,Moses,Moss,Mosse,Mosseus,Mousse,Moyse,Moyses,Myghchaell,Myghell,Nab,Neale,Neel,Nel,Nele,Nell,Niall,Nib,Nichol,Nicholaus,Nichole,Nicky,Nicol,Nicolaus,Nicolet,Nicolin,Niel,Nigelle,Nigellus,Nigs,Nob,Noe,Noes,Normann,Normannus,Noy,Nycolas,Nygell,Odde,Oddo,Ode,Odger,Odibrand,Odinel,Odo,Odouart,Oenus,Oger,Ogerius,Oggery,Ogier,Onfroi,Onuphrius,Otebon,Otelin,Otes,Othes,Otho,Otis,Otois,Oton,Ottie,Otto,Oudart,Oudet,Oudin,Oudinet,Oudinnet,Ouein,Ouen,Ouin,Oure,Ourri,Owain,Owayne,Oweyn,Owin,Owine,Owini,Owun,Owyne,Parsefal,Parzifal,Paule,Paulin,Paulinus,Pawelinus,Pawlin,Peares,Pearse,Peirce,Perceval,Percevale,Percheval,Percival,Percivale,Percyvallus,Percyvell,Pereret,Peres,Perez,Perinnet,Perote,Perrin,Perrot,Pers,Persefall,Persivell,Peterkin,Petrus,Petur,Petyr,Phareman,Philbert,Philibert,Pierres,Pierrot,Piers,Powel,Powle,Raaf,Rabbie,Radolf,Radulf,Radulfus,Rafe,Ragenald,Raignald,Raiimond,Raimbaud,Raimbaut,Raimond,Raimund,Raimundus,Rainald,Rainaldus,Rainard,Rainerius,Rainerus,Rainier,Ralphwolf,Ran,Ranald,Rand,Randal,Randall,Randle,Randolph,Randoul,Randulfus,Randull,Rankin,Rannulf,Rannulfus,Ranulf,Ranulfus,Ranulph,Ranulphus,Raolet,Raolin,Raollet,Raollin,Raoulet,Raoulin,Rauf,Rauffe,Raulf,Raullin,Raulyn,Rawkin,Rawlin,Raymundus,Raynaldus,Rayner,Raynerus,Raynoldus,Reginalde,Reginaldus,Regnier,Reignald,Reignolde,Reimfred,Reimond,Reimund,Reinfred,Reinfrid,Reinfridus,Reinold,Reinoldus,Remfrey,Remi,Remon,Remondin,Remonnet,Remont,Renard,Renart,Renaud,Renaudin,Renaut,Renfred,Renfry,Renier,Renodet,Renoldus,Renouart,Renout,Rex,Reymnd,Reynald,Reynard,Reynaud,Reyner,Reynfred,Reynfrey,Reynoldus,Ricard,Ricardus,Ricaud,Rich,Richal,RichardRicher,Richarde,Richardin,Richardus,Richart,Richemanus,Richeut,Richie,Richier,Ricket,Ricon,Rique,Riquebourc,Riquier,Robard,Robertus,Robinet,Robion,Robyn,Rodbertus,Rogerin,Rogerius,Rogerus,Roget,Rogier,Roguelin,Rolandus,Rolant,Roley,Rolfe,Rolft,Rolland,Rollant,Rollin,Rollo,Rotbert,Rotbertus,Rotgerius,Rouland,Roulant,Roule,Roulf,Rowland,Rowley,Rulf,Rychard,Rycharde,Sadon,Saer,Saerus,Sagar,Sagard,Sagarus,Salaman,Salamon,Salemon,Salmon,Samm,Sampson,Sanse,Sanses,Sanson,Sansonnet,Sansum,Saunsum,Sayer,Searl,Searle,Seemannus,Segar,Segarus,Selle,Selles,Serell,Seri,Serill,Serle,Serlo,Serlon,Serrell,Serrill,Sewal,Sewale,Sewallus,Sim,Simcock,Simkin,Simmond,Simond,Simonnet,Simpkin,Stefanus,Sten,Stephanus,Steuan,Stevyn,Sym,Symkyn,Symme,Symon,Symond,Symonet,Symonnet,Symounde,Taff,Taffy,Talbot,Talebot,Tam,Tamas,Tammie,Tancard,Tancock,Tancred,Tandy,Tankard,Tebald,Tebaud,Tebbe,Tedbaldus,Tedric,Teebald,Teodbald,Teodric,Tericius,Terric,Terrick,Terricus,Terrin,Terrowin,Terryn,Tetbald,Thancred,Thebaldus,Theobald,Theobaldus,Theodoric,Theodric,Thibaud,Thiebaut,Thierri,Thierry,Thim,Tholy,Thom,Thoma,Thomasin,Thomasinus,Thomass,Thomassin,Thome,Thomelin,Thomlin,Thomme,Thoumas,Thoumassin,Thybaudin,Thybaut,Tib,Tibald,Tibaut,Tibbott,Tibost,Tibout,Tiebaut,Tierri,Tim,Timm,Tobey,Tobin,Tobye,Tobyn,Tolly,Toly,Tom,Tommie,Topaz,Topher,Tristian,Tristram,Trustram,Trystrem,Tuyon,Tybalt,Tybaut,Tybost,Tybout,Tyon,Udo,Udona,Ulric,Umfray,Umfrey,Umfridus,Umphrey,Uranius,Urian,Urianus,Urien,Uryene,Uwen,Valter,Vasey,Vauquelin,Viliame,Vilihame,Villiame,Vvillequin,Walchelim,Walchelin,Walcher,Walganus,Walkelin,Walkelinus,Walt,Walterius,Walterus,Warin,Wariner,Warinus,Warner,Warnerius,Warnerus,Warrenus,Wat,Water,Watkin,Watkyn,Wattie,Watty,Wauter,Wichard,Wido,Wilcock,Wilecoc,Wiliam,Wiliame,Wilkie,Wilkin,Willcock,Willelm,Willelmus,Willet,Williame,Willmot,Wilmot,Wimarc,Wimark,Wiscar,Wiscard,Wischard,Wisgarus,Wy,Wyat,Wyliame,Wylymot,Wyman,Wymar,Wymarc,Wymare,Wymark,Wymer,Wymerus,Wymon,Wymond,Wymund,Wyon,Wyschardus,Xalvador,Ymbert,Yngerame,Yon,Ysaac,Ysac,Ysembert,Yvain,Yve,Yves,Yvet,Yvon,Yvone,Yvonnet,Yvonus,Ywain,Zane,Aaron,Abel,Abraham,Abram,Ackerley,Ackley,Acton,Adam,Adan,Addisen,Addison,Aden,Adger,Adison,Adrian,Adriel,Adrien,Agustin,Aidan,Aiden,Aiken,Ailen,Alan,Albert,Alcot,Alcott,Alden,Alder,Aldred,Aldren,Aldrich,Aldridge,Aldrych,Alec,Alex,Alexander,Alexzander,Alf,Alfie,Alfred,Alfredo,Alfric,Alfrid,Allan,Allard,Allen,Allie,Allston,Alton,Alvertos,Alvin,Alwyn,Amsden,Anderson,Andre,Andrew,Andy,Ansley,Anthony,Antony,Arden,Arledge,Arley,Arlo,Armstrong,Arnold,Aron,Arthur,Arundel,Ashley,Ashton,Athelstan,August,Augustus,Austen,Austin,Austyn,Averill,Awarnach,Axel,Ayden,Bailey,Ballard,Bancroft,Barclay,Barden,Barklay,Barkley,Barks,Barksdale,Barnet,Barnett,Baron,Barr,Barret,Barrett,Barron,Barry,Beacher,Beaman,Beardsley,Bede,Beldon,Ben,Benjamin,Bennett,Benny,Bentley,Bergen,Bergess,Berkeley,Berkley,Bernard,Bert,Berton,Berty,Billy,Birch,Blade,Blake,Blaze,Bo,Bob,Bobby,Bolton,Bond,Booker,Booth,Boothe,Bordan,Borden,Brad,Braden,Bradford,Bradley,Bradly,Bradney,Brady,Braeden,Braedon,Braid,Bran,Brand,Branden,Brandon,Branford,Brant,Braxton,Bray,Brayan,Brayden,Braydon,Brayton,Brendan,Brenden,Brendon,Brennan,Brennen,Brent,Brentan,Bret,Brett,Brewster,Brian,Brigham,Brinley,Brock,Brocton,Brod,Broderick,Brodie,Brody,Bromley,Bromwell,Bromwood,Bronson,Bronwen,Bronwyn,Brook,Brooks,Bruce,Bruno,Bryan,Bryant,Bryce,Brycen,Bryson,Buckley,Bud,Burg,Burgess,Burley,Burne,Burns,Burt,Burton,Buster,Byrne,Byron,Cade,Caden,Cadwell,Cael,Cal,Calder,Caldwell,Cale,Calhoun,Calvert,Calvin,Cameron,Camren,Camron,Carden,Carl,Carleton,Carlisle,Carlo,Carlos,Carlton,Carlyle,Carrington,Carson,Carter,Carvell,Carver,Casey,Cason,Catcher,Caulder,Cayden,Cedric,Chad,Chadwick,Chance,Chandler,Channing,Chapman,Charles,Charley,Charlie,Charlton,Chase,Chaz,Chevy,Chilton,Chip,Chris,Chuck,Claiborne,Clarence,Clark,Clay,Clayton,Cleavon,Cleve,Cleveland,Cliff,Clifford,Clifton,Clint,Clinton,Clive,Coby,Cody,Colbert,Colborn,Colby,Cole,Coleman,Colin,Collin,Colt,Colten,Colter,Colton,Conner,Connor,Conor,Conrad,Cooper,Copper,Corey,Corin,Cory,Courtland,Craig,Crawford,Creighton,Cristian,Cromwell,Cruz,Cullen,Currier,Curtis,Cynric,Cyrus,Dakota,Dale,Dallas,Dallin,Dalton,Damian,Damien,Damion,Damon,Dane,Daniel,Danny,Darnell,Darrel,Darrell,Darren,Darrin,Darrion,Darrius,Darryl,Darryll,Darwin,Darwyn,Daryl,Daryll,Dashawn,David,Davin,Davion,Davis,Dayton,Dean,Declan,Dempster,Dennis,Denton,Denver,Derek,Derick,Derrick,Derwood,Desmond,Desmund,Deven,Devin,Devon,Devyn,Dexter,Dicken,Dickens,Dickenson,Dickinson,Digby,Dillan,Dillon,Dion,Dix,Dixie,Dixon,Dob,Dobbs,Domenic,Dominic,Dominick,Dominik,Dominique,Don,Donald,Donavan,Donny,Donovan,Dorian,Dorset,Dorsey,Douglas,Dover,Doyle,Doyt,Drake,Drew,Dudley,Dudly,Duncan,Dunstan,Durwald,Durward,Durwin,Durwood,Dustin,Dwayne,Dwenn,Dwennon,Dwight,Dwighte,Dwite,Dwyght,Dwyghte,Dwyte,Dylan,Dylon,Earl,Eaton,Ed,Eddie,Eddy,Edgar,Edmund,Edsel,Eduard,Eduardo,Edvard,Edward,Edwardo,Edwards,Edwardson,Edwin,Egerton,Elbridge,Elden,Elder,Eldon,Eldridge,Elfred,Elijah,Elliot,Elliott,Elman,Elmar,Elmer,Elmore,Elroy,Elten,Elton,Elvin,Elvis,Emersen,Emerson,Emmerson,Emmett,Emmyrson,Emyrson,Eric,Erick,Erik,Ernest,Erskine,Escott,Esmond,Esmund,Ethan,Ethen,Eugene,Evan,Everett,Ewart,Ewing,Fairfax,Fairleigh,Fairley,Farland,Farley,Farly,Farrell,Felix,Fielding,Fleming,Floyd,Forbes,Ford,Forrest,Francis,Frank,Frankie,Franklin,Fred,Freddie,Freddy,Frederick,Fredrick,Free,Fuller,Fulton,Gabriel,Gael,Gannon,Garett,Garfield,Garret,Garrett,Garrick,Garrison,Garryson,Gary,Garyson,Gaven,Gavin,Gavyn,Geoffrey,George,Gerald,Gerard,Gilbert,Gilford,Glen,Glenn,Goldman,Gordon,Gower,Grady,Graham,Granger,Grant,Gray,Grayson,Gregory,Greyson,Griffin,Gunner,Hadden,Hadley,Hagley,Halbert,Haley,Hall,Hallam,Halsey,Halton,Hamilton,Hannibal,Harden,Hardy,Harlan,Harman,Harmon,Harold,Harrison,Harry,Harv,Harvey,Hastings,Hawk,Hawthorne,Hayden,Hayes,Haywood,Hector,Hedley,Hendrick,Henley,Henry,Herbert,Hilton,Holden,Hollis,Horton,Houston,Howard,Hudson,Huey,Hugh,Hugo,Hulk,Humphrey,Hunt,Hunter,Huntley,Hutton,Hyatt,Ian,Irvin,Irving,Ivan,Ives,Jack,Jackson,Jacob,Jacoby,Jaden,Jadon,Jadyn,Jaeden,Jagger,Jaiden,Jaime,Jake,Jakob,James,Jameson,Jamie,Jared,Jarman,Jarod,Jarred,Jarrett,Jarrod,Jarvis,Jason,Jasper,Jaxon,Jaxson,Jay,Jayson,Jean,Jeff,Jeffery,Jeffrey,Jeremy,Jerome,Jerry,Jesse,Jessie,Jett,Jimmy,Joe,Joel,Joey,Johan,John,Johnny,Jon,Jonah,Jonas,Jordan,Jorden,Jordon,Jordy,Josef,Joseph,Josh,Joshua,Jude,Julian,Julien,Junior,Justin,Justus,Justyn,Kameron,Kamron,Kane,Karl,Kasey,Kayden,Keanu,Keaton,Keegan,Keenan,Keith,Kelvin,Kenelm,Kenley,Kennedy,Kenny,Kent,Kenton,Keven,Kevin,Kevon,Keyon,Kim,Kimberley,King,Kingsley,Kinnard,Kinnell,Kinsey,Kipp,Kipper,Kippy,Kirk,Knox,Kobe,Koby,Kody,Kole,Korey,Kory,Kurt,Kyle,Lance,Landan,Landen,Landon,Lang,Larry,Lawrence,Lawson,Layton,Lee,Legolas,Leigh,Leland,Leo,Leon,Leonard,Leroy,Lewis,Liam,Lincoln,Lind,Linden,Linwood,Litton,Llewellyn,Logan,Louis,Luc,Lucas,Lukas,Luke,Lyndon,Lyre,Lytton,Mace,Madison,Maitland,Malcolm,Manley,Manning,Mansfield,Manton,Marc,Marcel,Marco,Marcus,Marden,Mardyth,Mark,Markus,Marland,Marley,Marlo,Marlon,Marlow,Marlowe,Marsden,Marsdon,Marshall,Marston,Martin,Marvin,Marwood,Mather,Mathew,Matthew,Maurice,Maverick,Max,Maxim,Maxwell,Mead,Melton,Melville,Melvin,Michael,Micheal,Mike,Miles,Millard,Miller,Mills,Millson,Milt,Milten,Milton,Milty,Mitchel,Morgan,Morven,Myles,Nash,Nathan,Nathanael,Nathanial,Nathaniel,Nathen,Neal,Nealson,Ned,Neddie,Neddy,Nedes,Neil,Neilson,Nellie,Nelly,Nelson,Neuman,Neumann,Newall,Newbold,Newell,Newgate,Newland,Newlin,Newman,Newmie,Newton,Nicholas,Nick,Nickolas,Nico,Nicolas,Nigel,Nikolas,Nilson,Noah,Noel,Nolan,Norm,Normal,Norman,Normand,Normie,Norris,North,Norton,Norville,Norvin,Norward,Norwell,Norwin,Norwood,Norwyn,Nowles,Numen,Nyle,Oakley,Ogden,Olin,Oliver,Orlando,Orman,Osbert,Osborn,Osborne,Oscar,Osmar,Osmond,Ossie,Oswald,Oswall,Oswell,Oswin,Owen,Oxford,Oxon,Oxton,Ozzie,Packard,Palmer,Park,Parke,Parker,Parkley,Parks,Parr,Parry,Pat,Paton,Patrick,Patten,Pattin,Patton,Paul,Paxton,Payton,Pearson,Pelham,Pell,Pelton,Penley,Penn,Perry,Peter,Peyton,Philip,Phillip,Phoenix,Pierce,Pierson,Prescott,Presley,Preston,Priest,Priestley,Priestly,Prince,Putnam,Putney,Quinn,Quinten,Quintin,Quinton,Rab,Rabbit,Rad,Radcliff,Radcliffe,Radclyf,Radclyffe,Radford,Radley,Radnor,Rae,Raff,Raffi,Raghnall,Rai,Raleigh,Ralf,Ralph,Ralston,Ramsay,Ramsey,Randy,Ransden,Ransford,Ransley,Ransom,Raoul,Raul,Raven,Ravi,Ravinger,Ravinia,Rawley,Rawlings,Rawlins,Rawls,Rawly,Rawson,Ray,Rayburn,Rayfield,Rayford,Raymond,Read,Reade,Reading,Red,Redd,Redding,Redfield,Redford,Redgrave,Redman,Redwald,Reed,Reg,Reggie,Reggy,Reginald,Regnauld,Reid,Reinald,Reinhold,Reinwald,Rell,Remington,Remme,Remmie,Remmy,Remy,Renato,Renault,Rene,Reuben,Rey,Reynold,Reynolds,Rhett,Richard,Rick,Rider,Ridley,Rigby,Riley,Rinaldo,Riobard,Rip,Ripley,Rishley,Riston,Rob,Robben,Robbie,Robbins,Robby,Rober,Robert,Roberto,Robey,Robin,Robinson,Rochester,Rod,Roddy,Roderick,Rodman,Rodney,Roger,Rohan,Roland,Rolf,Rolph,Ronald,Ronnie,Ross,Rowan,Roy,Ruben,Rubert,Ruddy,Rudy,Rudyard,Rupert,Russell,Rutherford,Ruthren,Ryan,Rycroft,Ryder,Rylan,Ryland,Ryle,Rylee,Ryley,Ryman,Rypley,Ryton,Sam,Sammy,Samson,Sanborn,Sandford,Sandon,Sandy,Sanford,Sawyer,Scot,Scott,Scottie,Scotty,Seabert,Seabright,Seabrook,Seabury,Sean,Seberg,Sebert,Seth,Severn,Seward,Sewell,Shane,Shaun,Shaw,Shawn,Shayne,Sheldon,Shell,Shelley,Shelli,Shelly,Shep,Shepard,Shepherd,Shepley,Sheppard,Sherborne,Sherlock,Sherm,Sherman,Sherwin,Sherwood,Shipley,Siddel,Sidwell,Simon,Skylar,Skyler,Slade,Snowden,Snowdun,Solomon,Sonny,Speck,Spence,Spencer,Spenser,Spike,Stanberry,Stanbury,Stanfield,Stanford,Stanhope,Stanleigh,Stanley,Stanly,Stanmore,Stanton,Stanway,Stanwick,Stanwyck,Stefan,Stephan,Stephen,Stephon,Steve,Steven,Stockman,Stockton,Stockwell,Stokley,Stroud,Stuart,Studs,Sullivan,Sydell,Tanner,Tate,Taylor,Ted,Teddie,Telford,Terrance,Terrel,Terrell,Terrence,Terrill,Terris,Terry,Thane,Thatcher,Theodore,Thomas,Thorald,Thorbert,Thorburn,Thorley,Thormond,Thorn,Thorndyke,Thornton,Thorne,Thornley,Thorpe,Thurber,Thurlow,Thurman,Thurmon,Thurmond,Timothy,Tirell,Tito,Titus,Tobias,Toby,Todd,Tomas,Tomkin,Tomlin,Tommy,Tompkin,Tony,Torold,Tostig,Towne,Townes,Townley,Townsend,Trace,Tranter,Travis,Travon,Trent,Trever,Trevon,Trevor,Trey,Tripp,Tristan,Tristen,Tristin,Triston,True,Trueman,Truesdale,Truman,Trystan,Tucker,Turner,Ty,Tye,Tyler,Tyne,Tyrell,Vance,Victor,Vincent,Wade,Waggoner,Wake,Wakefield,Wakeley,Wakeman,Walcot,Walcott,Walker,Wallace,Wallach,Wallas,Waller,Wallie,Wallis,Wally,Walsh,Walter,Walton,Ward,Wardell,Warden,Wardley,Warfield,Warford,Warley,Warmond,Warren,Warton,Warwick,Washington,Watkins,Watson,Watt,Waverly,Way,Wayland,Waylon,Wayne,Webb,Weber,Webley,Webster,Welborne,Welby,Welch,Weldon,Welford,Weller,Welles,Wells,Welsh,Welton,Wes,Wesley,Wess,Wessely,West,Westbrook,Westby,Westcott,Westleigh,Weston,Wetherby,Wheaton,Wheeler,Whit,Whitby,Whitcomb,Whitelaw,Whitfield,Whitford,Whitley,Whitlock,Whitman,Whitmore,Whittaker,Wiley,Wilfred,Wilfrid,Wilfried,Will,William,Willie,Wilson,Winchell,Windham,Windsor,Winfield,Winfred,Winfrey,Wingate,Winslow,Winston,Winthrop,Winton,Winward,Woodie,Woodrow,Woodruff,Woodward,Woody,Wright,Wylie,Wyn,Wyndam,Wynton,Xander,Xavier,Xzavier,Zachary,Zachery,Zack,Zackary,Zackery,Zavier
femaleTitles = Lady,Queen,Duchess,Countess,Princess,Lady in Waiting,Maid,Maiden,Dame,Empress,Queen,Princess,Princess Consort,Grand Duchess,Duchess,Margravine,Countess,Viscountess,Baroness,Baronetess,Dame,Reeve,Squire,Peasant,Serf
femaleNames = Arlissa,Ariella,Sybil,Abagail,Abbey,Abbie,Abbigail,Abby,Abigail,Abigale,Abigayle,Addison,Adriana,Adrianna,Adrienne,Afton,Agrona,Aida,Aileen,Aimee,Aislinn,Alcott,Alden,Aldercy,Alena,Alex,Alexa,Alexis,Alexus,Alexys,Alisa,Alisha,Alissa,Aliya,Aliyah,Aliza,Alize,Ally,Allyson,Allyssa,Alvina,Alycia,Alysa,Alysha,Alyssa,Amanda,Amber,Amberjill,Amy,Ana,Anabel,Anastasia,Andrea,Angela,Angelica,Angelina,Angeline,Angelique,Angie,Anissa,Anita,Annabel,Annabella,Annabelle,Annette,Annika,Ansley,Antonia,Arantxa,Aria,Arianna,Ariel,Arielle,Arleigh,Arlene,Armani,Aryanna,Ash,Ashby,Ashe,Ashford,Ashi,Ashlan,Ashlee,Ashleigh,Ashley,Ashli,Ashlie,Ashlin,Ashling,Ashly,Ashlyn,Ashlynn,Aspen,Astrid,Athena,Aubree,Aubrie,Audery,Audey,Audie,Audra,Audrey,Audry,Aurora,Autumn,Ava,Avery,Avon,Ayana,Ayanna,Ayla,Aylin,Bailee,Bailey,Barbara,Baxter,Baylee,Belen,Berenice,Bert,Berta,Berthe,Bertie,Bethany,Bev,Beverely,Beverley,Beverly,Bianca,Blaine,Blanca,Blossom,Blythe,Bobbi,Bobbie,Bobby,Brandi,Brandy,Brea,Breana,Breanna,Brenda,Brenna,Breonna,Bria,Briana,Brianna,Brianne,Brielle,Brionna,Brisa,Britney,Brittany,Brittney,Brook,Brooke,Brookes,Brooks,Bryana,Bryanna,Buffy,Cady,Caitlin,Caitlyn,Cali,Calista,Callie,Cam,Cameron,Camila,Camille,Camm,Cammie,Camyron,Cara,Carina,Carissa,Carla,Carlee,Carley,Carli,Carlie,Carling,Carly,Carmen,Carol,Carolina,Caroline,Carolyn,Carrie,Carson,Casandra,Casey,Cassandra,Cassidy,Cassie,Catalina,Cayla,Cecelia,Cecilia,Celeste,Celia,Celina,Celine,Chana,Charity,Charlotte,Chasity,Chaya,Chelsea,Chelsey,Chelsie,Cheyanne,Cheyenne,Chloe,Christa,Christine,Christy,Cindy,Claiborne,Claire,Clara,Clare,Clarissa,Claudia,Clothilde,Clotilde,Clovis,Colleen,Columbia,Cora,Corinne,Corliss,Courtney,Cristal,Crystal,Cynthia,Daisey,Daisy,Dakota,Damie,Dana,Dania,Daniela,Daniella,Danielle,Danna,Daphne,Daralis,Darlene,Dasia,Dawn,Deborah,Delilah,Demelza,Demie,Denise,Denisse,Desirae,Desiree,Destinee,Destiney,Destini,Destiny,Devon,Diana,Diane,Dianna,Dominique,Donna,Dorothy,Eartha,Easter,Ebony,Eda,Edda,Eden,Edith,Edlyn,Edolie,Edsel,Eileen,Elaina,Elaine,Elena,Eliana,Elisabeth,Elissa,Elle,Ellen,Ellie,Elyse,Elyssa,Ember,Emely,Emerson,Emilee,Emilia,Emilie,Emily,Ena,Enna,Erica,Ericka,Erika,Erin,Esther,Ethel,Evelin,Faith,Farrah,Fearn,Fearne,Felicia,Felicity,Fern,Ferne,Fernly,Fiona,Fleta,Gabriella,Gabrielle,Gail,Gale,Gayle,Gia,Giana,Gianna,Gillian,Gina,Gioa,Gisselle,Gleda,Gloria,Golda,Goldie,Grace,Gracie,Gretchen,Gwendolyn,Gypsy,Gytha,Hadley,Hailee,Hailey,Hailie,Haleigh,Haley,Halie,Halle,Hallie,Halsey,Hana,Hanna,Hannah,Harley,Harmony,Harva,Harvelle,Harvina,Harvine,Hayden,Haylee,Hayleigh,Hayley,Haylie,Hazel,Heather,Hedwig,Heidi,Helen,Hertha,Hollace,Hollee,Holli,Hollie,Holly,Hollye,Honey,Hope,Idina,Iliana,Ingrid,Irene,Iris,Isabela,Ivy,Izabella,Jacey,Jackeline,Jada,Jade,Jaden,Jadyn,Jaelyn,Jaida,Jaiden,Jaidyn,Jailyn,Jaime,Jamie,Janae,Janice,Janie,Jaquelin,Jaqueline,Jasmin,Jasmyn,Jayda,Jayde,Jayden,Jayla,Jaylene,Jaylin,Jaylyn,Jaylynn,Jazlyn,Jazmin,Jazmine,Jazmyn,Jazmyne,Jena,Jenifer,Jenna,Jennifer,Jessica,Jessie,Jill,Jillian,Joana,Jocelyn,Joelle,Joia,Joie,Jolie,Jonesy,Joselyn,Josephine,Josie,Joslyn,Journey,Joy,Judith,Julia,Julianna,Julianne,Julie,Juliet,Juliette,Justine,Kacie,Kaela,Kaelyn,Kaila,Kailee,Kailey,Kailyn,Kaitlin,Kaitlyn,Kaitlynn,Kaiya,Kaleigh,Kaley,Kali,Kaliyah,Kallie,Kalyn,Kara,Karen,Kari,Karla,Karlee,Karley,Karli,Karlie,Karly,Kasandra,Kasey,Kassandra,Kassidy,Katarina,Kate,Katelin,Katelynn,Katerina,Katharine,Katherine,Kathleen,Kathryn,Kathy,Katie,Katlyn,Katy,Kayla,Kaylah,Kaylee,Kayleigh,Kayley,Kayli,Kaylie,Kaylin,Kaylyn,Kaylynn,Keeley,Keely,Keila,Keira,Kelli,Kellie,Kelly,Kelsey,Kelsi,Kelsie,Kelsy,Kemble,Kendra,Kenya,Kenzie,Keyla,Kiana,Kianna,Kiara,Kiera,Kierra,Kiersten,Kiley,Kim,Kimball,Kimbell,Kimberley,Kimberly,Kimble,Kimby,Kimmey,Kimmi,Kimmie,Kimmy,Kira,Kirsten,Kiya,Kourtney,Krista,Kristen,Kristin,Kristina,Kya,Kyla,Kylee,Kyleigh,Kylie,Kym,Kymberly,Kyra,Lacey,Laila,Lana,Laney,Lara,Larissa,Laura,Laurel,Lauren,Lauryn,Layla,Lea,Leah,Lee,Leigh,Leila,Leslie,Lexi,Lexie,Liana,Liberty,Lila,Liliana,Lilliana,Lillie,Lilly,Linda,Lindsay,Lindsey,Lisbeth,Lizeth,Lizette,Locke,Loella,Loren,Lorena,Louella,Love,Lovie,Lucia,Lucy,Luella,Luelle,Lydia,Lyndsey,Lyric,Macey,Maci,Mackenzie,Macy,Madalyn,Madalynn,Maddison,Madeline,Madelyn,Madelynn,Madilyn,Madisen,Madison,Madisyn,Mady,Madyson,Maegan,Maeve,Maggie,Maia,Maida,Maidel,Maidie,Maidy,Maisie,Maitane,Makaila,Makayla,Makenzie,Mallory,Manda,Mandy,Manhattan,Manny,Margarita,Mariah,Mariam,Marianna,Maribel,Marie,Mariela,Marilyn,Marisa,Marissa,Marlee,Marlene,Marley,Martha,Maya,Mayda,Mckayla,Mckenna,Mckenzie,Meadow,Meagan,Meaghan,Megan,Meghan,Melanie,Melany,Melina,Melinda,Melissa,Melody,Meredith,Mia,Miah,Michelle,Mina,Miracle,Miranda,Miriam,Mirth,Missie,Missy,Missye,Mistee,Mistey,Misty,Miya,Monica,Monique,Montana,Morgan,Mya,Myah,Myra,Nadia,Naomi,Nara,Natalia,Natalie,Nataly,Natasha,Nathalie,Nia,Nichole,Nicole,Nikki,Nora,Nya,Nyah,Olivia,Paige,Palma,Palmiera,Palmira,Palmyra,Pamela,Parker,Patience,Patricia,Paula,Paulina,Penelope,Phoebe,Piper,Poppy,Priscila,Priscilla,Pyper,Queena,Rachel,Radella,Raven,Reanna,Rebeca,Rebecca,Rebekah,Reese,Regina,Reilly,Renee,Reyna,Riley,Rita,Riya,Robbin,Roberta,Robin,Robina,Robinette,Robyn,Rosemary,Roxana,Ruby,Ruperta,Ruth,Rylee,Ryleigh,Rylie,Sabrina,Sage,Saige,Samantha,Samara,Sandra,Sandy,Sasha,Scarlet,Scarlett,Selby,Selden,Seldon,Selena,Selina,Selwin,Selwyn,Serena,Serenity,Shandy,Shannon,Sharon,Sheila,Sherey,Sherlie,Shir,Shirl,Shirlee,Shirleen,Shirleigh,Shirley,Shurl,Shurlie,Sidney,Sky,Skye,Skyla,Skylar,Skyler,Sofia,Sonia,Sonya,Sophia,Sophie,Stacey,Stacy,Stella,Stephanie,Stephany,Storm,Storme,Stormie,Stormy,Summer,Susana,Sydnee,Sydney,Sydni,Sydnie,Sylvia,Tait,Taite,Taitum,Talia,Tamara,Tamia,Tania,Taniya,Tanya,Tara,Tat,Tatiana,Tatum,Tatyana,Tavia,Taya,Tayler,Tayte,Teresa,Tess,Tessa,Thalia,Theresa,Thistle,Tia,Tiana,Tianna,Tina,Tori,Tracy,Trinity,Trudy,Tuesday,Ulla,Vala,Valentina,Valeria,Valerie,Vanesa,Vanessa,Veronica,Violet,Virginia,Vivian,Viviana,Wendy,Whitney,Willow,Wilona,Winter,Yasmin,Yasmine,Yazmin,Yedda,Yetta,Yolanda,Yuliana,Zaria,Zoe,Zoey,Zoie,Evanlyn,Astrida,Aales,Aalez,Aalina,Aaline,Aalis,Aaliz,Aanor,Acelina,Ada,Adaleide,Ade,Adela,Adelaide,Adelais,Adelena,Adelicia,Adelie,Adelin,Adelina,Adeline,Adelisa,Adeliz,Adeliza,Adelysia,Adete,Adhelina,Aeleis,Aelesia,Aelienor,Aelina,Aelis,Aelisia,Aelizia,Aenor,Aeschine,Afra,Agnes,Ahelis,Ahelissa,Ala,Alais,Albray,Albreda,Albree,Aleida,Aleneite,Alesia,Alesone,Alexia,Alia,Alianor,Alianora,Alice,Alicen,Alicia,Alienor,Alienora,Alina,Aline,Alis,Alisceon,Alise,Alison,Alisone,Alisoun,Aliss,Aliz,Allie,Allison,Alot,Alote,Alse,Alson,Alycie,Alyna,Alyon,Alys,Alyson,Alysone,Amalone,Amelia,Amelina,Ameline,Amelinne,Amelot,Amelyn,Ammij,Ammio,Ammy,Anachorita,Anastas,Anchoret,Anchoretta,Ancret,Ancreta,Ancrett,Angaret,Angmar,Anilla,Ankerita,Ankharet,Ann,Anna,Anne,Annet,Annie,Annot,Annote,Anny,Anot,Anote,Aphra,Aphrah,Arabella,Ariana,Arlette,Ascelina,Asceline,Ascelinne,Ascelot,Ascilia,Asselyna,Atheena,Athelesia,Atheleys,Athelina,Athelis,Athelisa,Athelisia,Athelyna,Auberee,Aubourc,Aubreda,Aubrey,Auelin,Auelina,Auelyna,Auic,Auice,Auicia,Auisia,Auizia,Auphrey,Auriol,Aveis,Avelina,Aveline,Avelot,Avelyn,Averil,Avice,Avicia,Avila,Avilina,Avin,Avina,Avis,Ayfara,Ayleth,Bayle,Barsabe,Bathia,Bathsheba,Bathshua,Beatrice,Beatrix,Bela,Bele,Beleite,Belet,Bella,Belle,Belon,Belot,Belsant,Belsante,Berengaria,Berengiere,Bersaba,Bess,Besse,Besseta,Bessie,Bessy,Bet,Beth,Betha,Bethan,Bethia,Betsy,Betta,Bette,Betty,Bibbey,Bibby,Bibel,Bibele,Bible,Biby,Biddy,Bithiah,Bragwayn,Brangwayna,Brangwine,Branwyne,Braya,Bride,Bridget,Brigette,Brigida,Brigit,Brigitta,Brunhild,Bryde,Catherine,Catrain,Cecily,Cedany,Chrestienne,Christaire,Christian,Christiana,Christiania,Christin,Christina,Claramunda,Claremonde,Clarimond,Cleremunda,Crestienne,Crisly,Crislye,Cristan,Cristeane,Cristene,Cristian,Cristiana,Cristiane,Cristina,Cristine,Cristinia,Cristy,Crystina,Dimia,Duraina,Ebbot,Ebeta,Ebett,Ebota,Edelin,Edelina,Edeline,Edelinne,Edolina,Egelina,Ela,Eleanor,Eleanora,Elewisa,Elewys,Elezabeth,Elia,Elianor,Elianora,Elicia,Elinor,Elinora,Elisa,Elise,Elison,Elisot,Elisota,Eliza,Elizabet,Elizabeth,Elizabetha,Elizabethe,Elizabetht,Elizabez,Elizey,Elizibeth,Elizibetht,Ella,Ellenor,Ellice,Ellyn,Eloisa,Eloise,Elsa,Elsie,Elspat,Elspet,Eluned,Elwisia,Elyenora,Elysabeth,Elysande,Elysant,Elyscia,Elyzabeth,Ema,Emayn,Emblem,Emblema,Emblen,Emblin,Emblyn,Emelenine,Emelin,Emelina,Emeline,Emelisse,Emelnie,Emelot,Emelote,Emeloth,Emelyn,Emelyne,Emeny,Emlin,Emlyn,Emm,Emma,Emme,Emmelina,Emmeline,Emmet,Emmete,Emmony,Emmot,Emmota,Emmote,Emoni,Emonie,Emony,Emota,Emy,Emylyna,Enmeline,Enndolynn,Ermina,Ermintrude,Ermyntrude,Esabel,Esabell,Eschina,Esclairmonde,Esclamonde,Esobel,Essylt,Eua,Eudeline,Euot,Euota,Eva,Eve,Evelina,Evelot,Evelune,Evelyn,Evette,Evota,Ewe,Ezabell,Farfelee,Gabella,Gabriel,Gabriela,Gaenor,Galiena,Galiene,Galienne,Ganleya,Ganor,Gaunlaya,Gaunliena,Gaynore,Gele,Gelen,Gelleia,Genevieve,Genevote,Gennat,Gennevote,Gennon,Geua,Geue,Geuecok,Geva,Gisella,Giselle,Gisellee,Gisla,Gismon,Gloriana,Godiva,Gonore,Gresilda,Grisel,Griselda,Griseldis,Grishild,Grissall,Grissel,Grissell,Grizel,Grizzel,Guanor,Gueanor,Guener,Guenevere,Guibourc,Guillemete,Guillote,Guinevere,Guiote,Gunneuare,Gussalen,Gwendolynn,Gwenhevare,Gwenore,Gynuara,Hadwis,Hadwisa,Hadwise,Haouys,Haoys,Harsent,Haueis,Havisa,Hawis,Hawisa,Hawise,Hawisia,Hawys,Hawyse,Hegelina,Heilewis,Heilewisa,Hele,Heleanor,Helena,Helevisa,Helewis,Helewisa,Helewise,Helewys,Helewyse,Helisende,Helisent,Helissent,Heloise,Helouys,Heloys,Heloyson,Helueua,Helysoune,Helyssent,Hemin,Herleva,Herleve,Hermesent,Hermessent,Hermineite,Hersent,Hibbot,Hildegard,Hismena,Hosanna,Hosannah,Hosianna,Hugolina,Hugolinae,Huguete,Husewyf,Husewyua,Hysode,Hyssmaye,Ibbe,Ibbet,Ibbot,Ibbota,Ibot,Ibota,Ida,Idemay,Imagantia,Imaigne,Imania,Imanie,Imayn,Imayne,Imblen,Imeyna,Imme,Immine,Imyne,Ingaret,Ingaretta,Ioetta,Iohane,Iohanna,Ione,Isa,Isabeau,Isabel,Isabele,Isabell,Isabella,Isabelle,Isabelot,Isamaya,Isard,Isata,Isaut,Iseldis,Iselota,Isemay,Isemeine,Iseuda,Iseult,Iseut,Ishbel,Ismania,Ismanna,Ismay,Ismeina,Ismena,Ismenia,Ismey,Isobel,Isobella,Isold,Isolda,Isolde,Isolt,Isopel,Isot,Isota,Isott,Isotta,Isouda,Issabell,Issabella,Issat,Issobell,Issobella,Isylte,Ivetta,Ivette,Izett,Izot,Jacket,Jacklin,Jaclyn,Jacoba,Jacobina,Jacqueline,Jacquelle,Jacquelyn,Jacquetta,Jahan,Jakelina,Jakemina,Jaketta,Jakolina,James,Jana,Janat,Jane,Janet,Janeta,Jannet,Jaquelinne,Jaquelot,Jasmine,Jean,Jeane,Jeanette,Jeanna,Jeanne,Jeene,Jehane,Jehanne,Jehannete,Jehannette,Jehannote,Jehenne,Jenefer,Jenet,Jeneuer,Jennet,Jenny,Jesmaine,Jesmond,Jessimond,Jhone,Jimme,Jinny,Jismond,Jivete,Joan,Joane,Joanette,Joanna,Jocea,Jocey,Jocosa,Jodoca,Joetta,Johamma,Johan,Johana,Johanna,Johna,Johne,Johnnett,Jone,Jonet,Joneta,Jonetam,Jonete,Jonett,Jonette,Josse,Josselyn,Jossy,Joyce,Joyse,Juicea,Juliana,Jyne,Katelyn,Katrina,Kaylein,Krea,Kristyan,Kyrstyan,Libbe,Libby,Libet,Lilian,Lilias,Lilion,Lilla,Lillian,Lillias,Lily,Lina,Linet,Linette,Linnet,Linniue,Linota,Linyeve,Linyive,Lisa,Liza,Lizbeth,Lizzie,Loreena,Luanda,Luned,Lunet,Lunete,Lylie,Lynette,Lyneue,Lyonnete,Maaline,Maalot,Macie,Mactilda,Mactildis,Madallaine,Madeleine,Madelina,Madlen,Madlin,Madlyn,Maerwynn,Magdalen,Magdalene,Magdalin,Magdelne,Maghenyld,Maghtild,Mahald,Mahalt,Mahaud,Mahault,Mahaut,Mahenyld,Maheut,Mahhild,Maleta,Malie,Malina,Maline,Malkin,Malkyn,Mall,Malle,Malleta,Mallkin,Mallot,Mally,Malot,Malota,Malt,Maly,Malyn,Malyna,Manel,Maneld,Manild,Mare,Marekyn,Mareona,Mareoun,Margaret,Margery,Maria,Marian,Mariana,Mariel,Marina,Marion,Marione,Mariora,Mariorie,Mariot,Mariota,Mariote,Marioth,Marioun,Marioziota,Mariun,Marote,Mary,Maryell,Masota,Masse,Mathe,Matheld,Mathila,Mathild,Mathildis,Matild,Matilda,Matilde,Matildis,Matill,Matilldis,Matillis,Mattie,Matty,Maud,Maude,Maudeleyn,Maudelyn,Maudlin,Maughtild,Mauld,Maut,Mautild,Mawd,Mawde,Mawdelyn,Mawt,May,Maynild,Maysant,Maysaunt,Mechtild,Mehenilda,Meisent,Melicent,Melisant,Melisenda,Melisent,Melisentia,Melissent,Meraud,Merewen,Merewina,Merhild,Meriall,Meriel,Merilda,Merione,Merwenna,Meryall,Meryld,Merzone,Metylda,Milcentia,Milesent,Milessent,Milicent,Milicenta,Milisandia,Milisant,Milisendis,Milisent,Milla,Mille,Millesant,Millesenta,Millicent,Minnie,Mirabelle,Miriald,Miriel,Miriela,Mirield,Mirielda,Mirielis,Miriella,Miriild,Mirils,Missa,Mohaut,Mold,Molde,Moll,Molle,Mollie,Molly,Molt,Moolde,Mott,Motte,Moude,Moulde,Moysant,Moysent,Murie,Muriel,Muriele,Muriella,Murienne,Mylecent,Mylisant,Mylla,Mylle,Nan,Nance,Nancy,Nanette,Nanny,Nanss,Nibb,Nina,Ninette,Ninon,Nota,Notekyn,Odelina,Odolina,Orella,Oriel,Oriholt,Oriold,Oriolda,Oriolt,Osane,Osanna,Osanne,Osenne,Ossenna,Ozanne,Peronell,Phrowenia,Poll,Pollekin,Polly,Rainydayas,Rechemay,Richarda,Richardyne,Richemaya,Richemeya,Richenda,Richenza,Richessa,Richil,Richild,Richildis,Richill,Richmal,Richoard,Richolda,Ricolda,Rikild,Rikilda,Rikilde,Rikmai,Rochilda,Roes,Roese,Roesia,Roheis,Roheisa,Roheisia,Rohese,Rohesia,Rohez,Roisia,Rokilda,Roos,Rosa,Rosalind,Rosalinda,Rosaline,Rosamond,Rosamund,Rosamunda,Rose,Roseaman,Roseia,Rosemond,Rosemunda,Rosomon,Rossamond,Rothais,Royce,Roysa,Royse,Roysia,Rozeman,Rychyld,Ryia,Rykeld,Sabelina,Sabeline,Sadie,Sairey,Sal,Sallie,Sally,Saloua,Salove,Sapphira,Sapphire,Sara,Sarah,Sarey,Sari,Sarra,Sarre,Sefare,Sela,Seloua,Seloue,Selova,Seluue,Sely,Sephare,Seraphina,Shusan,Shusanna,Simmonete,Simona,Simone,Sosanna,Sueta,Sueteluue,Sukie,Suky,Sulley,Sully,Susan,Susane,Susanna,Susannah,Susanney,Sweteloue,Swetelove,Swethyna,Swetiue,Swetyene,Swetyne,Sybbyl,Symonne,Tamasine,Tamsin,Tatsy,Tatty,Teffan,Teffania,Teffany,Tephania,Tephna,Tetty,Thamasin,Thea,Theffania,Theffanie,Theofania,Theophania,Thiphania,Thomas,Thomasia,Thomasin,Thomasina,Thomasine,Thomasse,Thomassete,Thomeson,Thyphainne,Tibb,Tibby,Tibota,Tifaine,Tiffan,Tiffania,Tiffany,Tiffonia,Tilda,Till,Tilla,Tille,Tillie,Tillot,Tillota,Tillote,Tilly,Tiphina,Tomson,Tyfainne,Tyffany,Tyffayne,Typhainne,Typheinne,Typhenete,Typhenon,Vanora,Victoria,Wander,Wannore,Wannour,Wantelien,Wantliana,Wenefreda,Wenthelen,Wentiliana,Williamina,Wilmetta,Wilmot,Winefred,Winifred,Winnifred,Wynifreed,Xristiana,Ybelote,Ybot,Yda,Ymanie,Ymanya,Ymanye,Ymeisna,Ymenia,Ysabel,Ysabell,Ysabella,Ysabelle,Ysabelon,Ysabelot,Ysabiau,Ysemay,Yseult,Yseulte,Ysmay,Ysmeina,Ysmena,Ysmene,Ysolt,Ysoude,Ysout,Yvette,Yvonne

warriorNicknames = The Animal,The Anomaly,The Anvil,The Army,The Axe,The Barbarian,The Bear,The Bearclaw,The Beast,The Behemoth,The Blade,The Bloodlust,The Bloody,The Boar,The Boulder,The Boulderfist,The Brute,The Bull,The Butcher,The Challenger,The Champion,The Cobra,The Colossal,The Colossus,The Conqueror,The Corrupter,The Coyote,The Crooked,The Crow,The Cruel,The Cunning,The Cursed,The Dagger,The Danger,The Deceiver,The Defiant,The Delirious,The Demigod,The Demon,The Deserter,The Destroyer,The Devil,The Dire,The Dire Bear,The Dire One,The Dire Wolf,The Dog,The Dragon,The Dragonheart,The Drake,The Dread,The Edge,The Enigma,The Eternal Hunger,The Exalted,The Executioner,The Exile,The Fang,The Fearless,The Feisty,The Feral,The Fiend,The Fierce,The Fire,The Firestarter,The Flame,The Flurry,The Forsaken,The Freak,The Fury,The Ghost,The Giant,The Giantslayer,The Gold One,The Grave,The Gravedigger,The Gravekeeper,The Grim,The Grotesque,The Guardian,The Hallowed,The Hammer,The Hawk,The Heartless,The Hog,The Hollow,The Honorbound,The Honorless,The Horror,The Hound,The Hunger,The Hungry,The Hunter,The Hurricane,The Impure,The Insane,The Invincible,The Ironclad,The Ironfist,The Jackal,The Jester,The Legionnaire,The Limp,The Lion,The Lionheart,The Lone Wolf,The Magnificent,The Mammoth,The Maneater,The Maniac,The Marked,The Marked One,The Martyr,The Menace,The Merciful,The Miracle,The Monster,The Mountain,The Mutant,The Mute,The Nightmare,The Nightowl,The Noble,The Nobody,The Observer,The Owl,The Ox,The Paragon,The Patient,The Phantom,The Phoenix,The Prince,The Prodigy,The Pyro,The Rabid,The Raven,The Rebel,The Reckless,The Rider,The Rogue,The Sadist,The Sadistic,The Savage,The Scar,The Scarred One,The Sentinel,The Serpent,The Shadow,The Shady,The Shepherd,The Silencer,The Silent,The Silver One,The Skeleton,The Slayer,The Sleeper,The Spider,The Spook,The Storm,The Surgeon,The Swine,The Temper,The Tempest,The Terror,The Thief,The Thirst,The Thug,The Thunder,The Titan,The Tower,The Traitor,The Tyrant,The Undying,The Valiant,The Vengeful,The Venom Tongue,The Vermin,The Vicious,The Viper,The Vulture,The Whisper,The Widow Maker,The Wild,The Wildling,The Wolf,The Wonder,The Wyrm
warriorNamesPiece1 = Battle,Bear,Blood,Bone,Boulder,Bright,Dark,Dead,Death,Demon,Doom,Dragon,Ember,Fire,Fist,Frost,Fuse,Giant,Gold,Gore,Grand,Great,Hell,Iron,Light,Mammoth,Molten,Night,Phoenix,Proud,Rage,Raven,Red,Rock,Rumble,Shadow,Sharp,Shield,Silent,Silver,Single,Skull,Spirit,Steel,Stone,Storm,Stout,Strong,Swift,Thunder,True,Void,War,Wild,Wolf
warriorNamesPiece2 = bane,blade,blood,blow,bolt,bow,breaker,brow,chaser,claw,cleaver,crest,cut,eye,fang,fist,flayer,fury,gaze,grim,grimace,grip,hair,hallow,hammer,hand,head,heart,helm,hide,mane,mantle,might,pelt,rage,roar,scar,scream,shade,shadow,shield,shout,snarl,song,sorrow,stare,stride,strike,sword,sworn,talon,thorn,tongue,visage

maleMageNames = Aaron,Acelin,Adam,Adar,Aeneas,Aidan,Ailen,Aindreas,Alaric,Alastair,Allard,Altair,Anan,Athan,Atherton,Azriel,Balder,Ballard,Bardo,Barrett,Beck,Bevan,Blaize,Brady,Bram,Brenainn,Brencis,Brody,Cade,Caedmon,Calder,Callum,Caton,Chalfont,Chalmers,Chay,Chilton,Conan,Conrad,Cornelius,Cosmo,Cullen,Cyrus,Daegal,Dallan,Damek,Dante,Darius,Darnell,Dashiel,David,Delano,Derek,Deron,Derrick,Derwin,Devin,Dillon,Dilwyn,Douglas,Draigh,Duncan,Dylan,Earthan,Einar,Eiran,Eldridge,Elfed,Eliphas,Elwin,Emlyn,Eoin,Erik,Ewart,Finn,Fontayne,Forrest,Freeman,Frewin,Gabriel,Gaian,Galahad,Galen,Gerard,Goran,Gunnar,Heath,Innis,Jasion,Jorah,Kadir,Kaine,Kaspar,Kayne,Keanu,Keene,Keith,Killian,Laramie,Laris,Lars,Lazar,Leander,Leif,Leland,Lucian,Lucius,Luke,Maddock,Magnus,Marc,Marden,Mark,Mars,Marsden,Merrill,Michael,Mistral,Mortimer,Niam,Nicholas,Oberon,Orion,Osran,Panas,Paxton,Pilan,Rainer,Regan,Rehan,Reuben,Rodney,Rune,Saul,Seth,Sol,Tade,Tate,Thayer,Tierney,Tiordan,Torin,Trent,Troy,Ulrich,Vivian,Wade,Ward,Wayde,Wolfe,Xavier,Xenos,Zander,Zelig,Zen,Zion,Zohar
femaleMageNames = Abena,Abigail,Acacia,Adaire,Adele,Adeline,Adisa,Adonia,Aenwyn,Agate,Agatha,Aggie,Agnes,Ailana,Aileen,Ailey,Akiye,Alana,Alani,Albertine,Alecto,Alexa,Alexandra,Alfhild,Alice,Alicia,Amalia,Amaranth,Amaryllis,Amber,Amelia,Amelie,Ametrine,Anastasia,Anemone,Angelic,Angelica,Anise,Anita,Anna,Annette,Annika,Antha,April,Aqua,Arabella,Arabelle,Aretha,Aria,Arietta,Aris,Armina,Artemis,Artemise,Arwen,Asha,Ashia,Aspen,Aster,Astra,Astrid,Athena,Augusta,Aurelia,Auria,Aurora,Autumn,Avalon,Avery,Azalea,Azami,Azula,Azura,Beatrix,Belinda,Belladonna,Bellatrix,Bellona,Bernadette,Bernardette,Berthina,Beth,Bethy,Blossom,Bluebell,Branwen,Brenna,Briar,Bridget,Brielle,Brigid,Bronwyn,Bryony,Cadence,Calla,Callista,Camilla,Camille,Candice,Carlyn,Cassandra,Cassia,Catarina,Cedonia,Celeste,Celestia,Celestina,Celestine,Chandra,Chantal,Chloe,Christine,Cinnabar,Circe,Claudette ,Claudia,Cleo,Clio,Cliona,Cloris,Clover,Cora,Coral,Cordelia,Cornelia,Corydon,Cruella,Crystal,Cyrena,Cyrene,Dahlia,Daire,Daisy,Dalila,Dawn,Delia,Denise,Destiny,Devi,Deville,Dominique,Dorothy,Dot,Eartha,Ebony,Echo,Edna,Electra,Elenwen,Elisabeth,Elsa,Elsbeth,Elvira,Ember,Eowyn,Erika,Esadora,Esme,Esmeralda,Estelle,Estrella,Ethel,Euphenia,Eva,Evanora,Evanore,Eve,Evelyn,Evie,Faba,Fabula,Fabularis,Fae,Farina,Fawn,Fay,Faye,Feriae,Fern,Ferox,Ferula,Fidelia,Fidelis,Filix,Fiona,Fleur,Fortuna,Frances,Franziska,Gillian,Ginevra,Glenda,Glinda,Gloria,Glory,Grace,Gretchen,Gretel,Guinevere,Gwendolyn,Gwyneth,Hagatha,Haley,Harmony,Hattie,Hayley,Hazel,Hedvig,Helen,Helena,Helga,Henrietta,Henriette,Hermia,Hester,Hettie,Hilda,Holly,Hyacinth,Hylee,Indigo,Ingrid,Ira,Iris,Isador,Isidora,Isidore,Isis,Isobel,Jackie,Jade,Jasmine,Jemma,Jinx,Josephine,Juniper,Kalliope,Kamila,Karin,Keeva,Kerrigan,Kestrel,Kira,Laura,Lavander,Lavina,Lavinia,Leona,Levana,Lia,Lila,Lilac,Lilith,Lillian,Lillith,Lilly,Lilura,Lorelei,Louise ,Lucia,Luciana,Lucida,Lucille,Lucinda,Luna,Lux,Lydia,Mabel,Maera,Maescia,Maev,Magnolia,Malise,Maple,Mardella,Maria,Marie,Marigold,Marilla,Mary,Maud,Maude,Maura,Mave,Maya,Meadow,Medea,Medeia,Medusa,Melody,Melusina,Mia,Mildred,Mina,Minerva,Misty,Moira,Morena,Morgaine,Morgan,Morgana,Morrigan,Myrna,Myrtle,Mystia,Nimue,Nina,Niobe,Nissa,Norae,Oceana,October,Odessa,Olga,Onyx,Opal,Opalina,Ophelia,Orchid,Paige,Paris,Pauline,Pearl,Peony,Pepper,Petunia,Phoebe,Phoenix,Piper,Primrose,Queen,Rain,Raina,Raine,Raven,Ravyn,Ravynne,Rawena,Reagan,Regina,River,Roberta,Robin,Rose,Rosedriah,Rosina,Rosita,Rowan,Rowena,Ruby,Rue,Sabine,Sabrina,Sabrine,Sacha,Safe,Saffron,Sakura,Salina,Sally,Samantha,Samara,Sapphire,Sasha,Scarth,Selena,Selene,Serafina,Serafine,Seren,Serena,Shearah,Shyla,Sierra,Silvaria,Silver,Simone,Sirena,Sirene,Skye,Sophia,Sophie,Starla,Storm,Summer,Sybil,Tabitha,Tara,Tarja,Tatiana,Tempest,Thalia,Theodora,Tia,Tiara,Topaz,Tyler,Ulva,Ursa,Ursula,Valkyrie,Vanessa,Venus,Vest,Victoria,Violet,Vivian,Wendy,Wihnhilda,Willow,Winter,Wren,Xantha,Xena,Yasmin,Zale,Zaleria,Zaria,Zena,Zoey
mageLastNames = Addington,Aimes,Angelsin,Argent,Ash,Aura,Autumn,Barclay,Barkridge,Barlow,Black,Blackman,Blackwood,Blankley,Bloodgood,Bloodworth,Borges,Brack,Breedlove,Brevil,Calarook,Caligari,Cane,Carpathia,Chainsaw,Chalice,Christanti,Christian,Church,Cloven,Craft,Crane,Creighton,Crimson,Cromwell,Cross,Crow,Crowe,Crypt,Damon,Darkmore,De Vil,Deamonne,Delacroix,Delarosa,Denholm,Depraysie,Devonshire,Diablo,Diablos,Diamond,Digby,Discord,Drabek,Drach,Dread,Dred,Duke,Dukes,Dupree,Ebonywood,Everbleed,Evilian,Fade,Fadington,Fang,Frost,Geulimja,Gnash,Graeme,Grail,Graves,Grim,Grimm,Grimsbane,Grove,Hallewell,Hart,Helion,Heliot,Highmore,Hook,Howler,Hunt,Interfector,Jinx,Jones,Kane,Keeling,Killian,Killoran,Knotley,Kobe,Krauss,La Croix,Labyrinth,Latimer,Le Blank,Le Doux,Le Rouge,Le Torneau,Lestat,Lobo,Lovelace,Lynx,Maganti,Magnus,Maleficum,Mallor,Malum,Manglyeong,Marth,Mock,Monroe,Moonfall,Morelli,Morgan,Moriarty,Mortem,Murik,Natas,Naxxremis,Norwood,Nox,Onyx,Orlando,Panther,Payne,Periculum,Pickerin,Queen,Quinn,Rathmore,Raven,Razor,Redwood,Rex,Riddle,Ripper,Roseberg,Sangrey,Sanguine,Scarletwound,Sephiran,Serphent,Shackleton,Shade,Shadowend,Shadowmend,Shadowsoul,Shadowwalker,Sharpe,Shelley,Skinner,Snow,Soulton,Steros,Stocker,Stone,Storm,Strain,Talbot,Tempest,Tenebris,Thornheart,Thornton,Tombend,Trevil,Trevils,Umbra,Vandran,Vexx,Victor,Vigil,Villalobos,Vixen,Void,Von Stein,Vonner,Vossen,Whisper,White,Whitmore,Willow,Winter,Wolf,Wolfmoon,Wood,Woods,Wraith,Wright,Wyrm,Youngblood,Zayne

fantasyPrefixes = Action,Angel Eyes,Bandana,Black Eyed,Blackjack,Blue Eyed,Brute,Bug Eyed,Bulletproof,Bullettooth,Bullseye,Busting,Cheating,Coughing,Crackpot,Crazy,Crazy Eyed,Crazy Eyes,Dangerous,Diamond,Dingbat,Eccentric,Eyepatch,Fast Fingers,Five Fingered,Foolish,Four Fingered,Fruitcake,Gold Digger,Greedy,Grinning,Jester,Klepto,Knuckles,Laughing,Lucky,Lunatic,Mad,Mad Dog,Mad Eyed,Mad Hat,Mad Man,Menacing,Moneybags,Mumbling,Muscled,Nightmare,Nine Lives,Numbers,One Eye,Pegleg,Phantom,Pickpocket,Poison,Prowling,Razor,Razortooth,Reaper,Robbing,Rusty,Scarface,Scars,Serpent,Shades,Shark,Silent,Slithering,Sly,Smiling,Smirking,Smokey,Spider,Squinting,Straight Jacket,Swindling,Thieving,Three Fingered,Three Toed,Toothless,Two Face,Viper,Wacko,Weasel,Whispering,Wild
fantasySuffixes = Angel Eyes,Bandana,Black Eye,Black Eyes,Blackjack,Blue Eyes,Bulletproof,Bullettooth,Bullseye,Coins,Crackers,Crazy Eyes,Danger,Dangerous,Diamond,Eyepatch,Fast Fingers,Five Fingers,Four Fingers,Ghost,Gold Digger,Greed,Grimm,Grin,Luck,Mad Dog,Mad Eye,Mad Eyes,Mad Man,Moneybags,Muscles,Nightmare,Nine Lives,Numbers,One Eye,Phantom,Poison,Razor,Scarface,Scars,Shades,Smokes,Straight Jacket,Three Fingers,Three Toes,Toothless,Two Face,Whisper,Whispers,the Angel,the Bandit,the Beast,the Brute,the Bug,the Bull,the Buster,the Cheat,the Cheater,the Clown,the Con,the Con Artist,the Crackpot,the Crazy,the Crook,the Danger,the Diamond,the Dwarf,the Eccentric,the Fang,the Fool,the Greedy,the Grin,the Heist,the Heister,the Jester,the Knuckles,the Lucky,the Lunatic,the Mad,the Maniac,the Menace,the Mumbler,the Nightmare,the Outlaw,the Pegleg,the Phantom,the Pickpocket,the Pillager,the Pirate,the Professional,the Punk,the Rat,the Ravager,the Razor,the Reaper,the Robber,the Rogue,the Scar,the Serpent,the Shark,the Silent,the Sly,the Smile,the Smirk,the Snake,the Spider,the Squint,the Suit,the Swindler,the Thief,the Thug,the Viper,the Weasel,the Whisper,the Wild

   





